id;code;expiration;prenom;nom
1;37408;2021-11-12T02:20:51;Account maroon deliverables;magenta payment
2;56091;2021-11-12T06:04:26;contingency;array
3;95921;2021-11-12T04:55:10;deposit alarm;c Tuna
4;27081;2021-11-11T22:07:30;intangible hacking Outdoors;c
5;84812;2021-11-11T19:54:14;metrics a;JBOD Bourgogne
6;76494;2021-11-12T12:19:14;solution;Midi-Pyrénées
7;86979;2021-11-12T07:13:24;superstructure Rupiah pixel;collaboration multi-state COM
8;58772;2021-11-11T18:55:16;indexing copy Borders;Basse-Normandie Molière embrace
9;60905;2021-11-11T17:04:00;Card Bike Handmade;backing
10;52760;2021-11-11T20:05:14;instruction Tadjikistan Metical;Saint Frozen Automotive
